k,target,n_pos,prevalence,n_pos_train,prevalence_train,n_scorable_train,clears_threshold,has_head
1,CARDIO-VASCULAR_DISORDER_EVENT,1036,0.020671215930404246,730,0.020782918149466194,35125,True,True
1,DEATH_EVENT,3084,0.06153477792409913,2220,0.06320284697508897,35125,True,True
1,HYPERGLYCEMIA_EVENT,23744,0.4737619218644,16671,0.4746192170818505,35125,True,True
1,HYPOGLYCEMIA_EVENT,2624,0.05235643880442156,1803,0.05133096085409253,35125,True,True
1,INFECTION_EVENT,968,0.019314417973582347,698,0.01987188612099644,35125,True,True
1,KIDNEY_COMPLICATION_EVENT,6295,0.12560357556167445,4377,0.12461209964412812,35125,True,True
1,SEVERE_HYPERGLYCEMIA_EVENT,21466,0.42830919031086634,15089,0.42958007117437724,35125,True,True
1,SEVERE_HYPOGLYCEMIA_EVENT,1799,0.03589528712239116,1235,0.03516014234875445,35125,True,True
1,HYPEROSMOLALITY_EVENT,251,0.0050081806935631905,182,0.0051814946619217084,35125,False,False
1,KETOACIDOSIS_EVENT,377,0.007522247495909653,256,0.007288256227758007,35125,False,False
2,CARDIO-VASCULAR_DISORDER_EVENT,950,0.018956022028892967,676,0.01924664749594283,35123,True,True
2,DEATH_EVENT,3084,0.061537233618006226,2220,0.06320644591862881,35123,True,True
2,HYPERGLYCEMIA_EVENT,17254,0.344281267459494,12080,0.3439341741878541,35123,True,True
2,HYPOGLYCEMIA_EVENT,2030,0.04050602601963445,1387,0.0394897930131253,35123,True,True
2,INFECTION_EVENT,569,0.011353659509936945,411,0.011701733906556957,35123,True,True
2,KIDNEY_COMPLICATION_EVENT,5513,0.11000478888977572,3826,0.10893146940751075,35123,True,True
2,SEVERE_HYPERGLYCEMIA_EVENT,15972,0.31870061457418786,11207,0.31907866640093385,35123,True,True
2,SEVERE_HYPOGLYCEMIA_EVENT,1390,0.027735653284380237,946,0.026933917945505793,35123,True,True
2,HYPEROSMOLALITY_EVENT,220,0.004389815627743635,157,0.0044700054095606866,35123,False,False
2,KETOACIDOSIS_EVENT,315,0.006285417830632932,211,0.006007459499473279,35123,False,False
3,CARDIO-VASCULAR_DISORDER_EVENT,715,0.017432646592709985,511,0.017747985551542094,28792,True,True
3,DEATH_EVENT,2749,0.06702425941728636,1980,0.06876910252848013,28792,True,True
3,HYPERGLYCEMIA_EVENT,13087,0.31907838595635746,9191,0.31922061683801056,28792,True,True
3,HYPOGLYCEMIA_EVENT,1550,0.03779105205412654,1056,0.03667685468185607,28792,True,True
3,INFECTION_EVENT,387,0.009435572351578691,297,0.01031536537927202,28792,True,True
3,KIDNEY_COMPLICATION_EVENT,4491,0.10949652566134341,3109,0.10798138371769936,28792,True,True
3,SEVERE_HYPERGLYCEMIA_EVENT,11809,0.28791905400463247,8292,0.2879966657404835,28792,True,True
3,SEVERE_HYPOGLYCEMIA_EVENT,1042,0.025405339509935388,713,0.024763823284245624,28792,True,True
3,HYPEROSMOLALITY_EVENT,177,0.004315494331342192,127,0.004410947485412615,28792,False,False
3,KETOACIDOSIS_EVENT,209,0.005095696696330611,139,0.004827729924979161,28792,False,False
4,CARDIO-VASCULAR_DISORDER_EVENT,489,0.015685645549318363,356,0.016263876833112523,21889,True,True
4,DEATH_EVENT,2336,0.0749318364073777,1686,0.07702498972086436,21889,True,True
4,HYPERGLYCEMIA_EVENT,9709,0.3114354450681636,6813,0.3112522271460551,21889,True,True
4,HYPOGLYCEMIA_EVENT,1110,0.03560545308740978,764,0.03490337612499429,21889,True,True
4,INFECTION_EVENT,295,0.00946271050521251,221,0.01009639544976929,21889,True,True
4,KIDNEY_COMPLICATION_EVENT,3489,0.11191659983961508,2409,0.11005527890721367,21889,True,True
4,SEVERE_HYPERGLYCEMIA_EVENT,8722,0.27977546110665596,6119,0.2795468043309425,21889,True,True
4,SEVERE_HYPOGLYCEMIA_EVENT,740,0.023736968724939855,512,0.023390744209420257,21889,True,True
4,HYPEROSMOLALITY_EVENT,123,0.0039454691259021655,85,0.003883229019142035,21889,False,False
4,KETOACIDOSIS_EVENT,134,0.00429831595829992,84,0.003837543971858011,21889,False,False
5,CARDIO-VASCULAR_DISORDER_EVENT,342,0.014519210358734876,249,0.015026250678896867,16571,True,True
5,DEATH_EVENT,1971,0.08367650180428783,1414,0.08532979301188824,16571,True,True
5,HYPERGLYCEMIA_EVENT,7066,0.29997877308427084,4945,0.2984128899885342,16571,True,True
5,HYPOGLYCEMIA_EVENT,785,0.03332625769475695,532,0.03210427855892825,16571,True,True
5,INFECTION_EVENT,221,0.009382296752281893,167,0.010077846840866574,16571,True,True
5,KIDNEY_COMPLICATION_EVENT,2642,0.11216302271279983,1824,0.11007181220203971,16571,True,True
5,SEVERE_HYPERGLYCEMIA_EVENT,6397,0.2715771598386754,4468,0.2696276627843823,16571,True,True
5,SEVERE_HYPOGLYCEMIA_EVENT,516,0.02190617703247718,355,0.02142296783537505,16571,True,True
5,HYPEROSMOLALITY_EVENT,86,0.0036510295054128636,60,0.003620783296119727,16571,False,False
5,KETOACIDOSIS_EVENT,83,0.0035236680110379962,53,0.0031983585782390926,16571,False,False
6,CARDIO-VASCULAR_DISORDER_EVENT,243,0.013632538569424965,172,0.013731438607695993,12526,True,True
6,DEATH_EVENT,1637,0.09183730715287518,1174,0.09372505189206451,12526,True,True
6,HYPERGLYCEMIA_EVENT,5113,0.28684431977559605,3584,0.2861248602905956,12526,True,True
6,HYPOGLYCEMIA_EVENT,570,0.03197755960729313,383,0.030576401085741656,12526,True,True
6,INFECTION_EVENT,130,0.0072931276297335205,102,0.008143062430145297,12526,False,True
6,KIDNEY_COMPLICATION_EVENT,2028,0.11377279102384291,1404,0.11208685933258822,12526,True,True
6,SEVERE_HYPERGLYCEMIA_EVENT,4611,0.25868162692847124,3207,0.2560274628772154,12526,True,True
6,SEVERE_HYPOGLYCEMIA_EVENT,385,0.021598877980364656,261,0.020836659747724733,12526,True,True
6,HYPEROSMOLALITY_EVENT,62,0.0034782608695652175,43,0.003432859651923998,12526,False,False
6,KETOACIDOSIS_EVENT,61,0.0034221598877980366,42,0.0033530257065304166,12526,False,False
7,CARDIO-VASCULAR_DISORDER_EVENT,171,0.012883296918556468,118,0.012669100279149668,9314,True,True
7,DEATH_EVENT,1363,0.10268967076018985,980,0.10521795147090401,9314,True,True
7,HYPERGLYCEMIA_EVENT,3683,0.27748059971370453,2573,0.2762508052394245,9314,True,True
7,HYPOGLYCEMIA_EVENT,404,0.030437730731560312,279,0.029954906592226757,9314,True,True
7,INFECTION_EVENT,80,0.00602727341219016,65,0.006978741679192613,9314,False,True
7,KIDNEY_COMPLICATION_EVENT,1431,0.10781285316055149,996,0.10693579557655143,9314,True,True
7,SEVERE_HYPERGLYCEMIA_EVENT,3285,0.24749491448805847,2286,0.24543697659437405,9314,True,True
7,SEVERE_HYPOGLYCEMIA_EVENT,277,0.020869434189708432,195,0.02093622503757784,9314,True,True
7,HYPEROSMOLALITY_EVENT,37,0.002787613953137949,28,0.003006227184882972,9314,False,False
7,KETOACIDOSIS_EVENT,43,0.0032396594590522114,28,0.003006227184882972,9314,False,False
8,CARDIO-VASCULAR_DISORDER_EVENT,123,0.012767282541000622,87,0.012913759833753896,6737,True,True
8,DEATH_EVENT,1089,0.11303716005812746,784,0.1163722725248627,6737,True,True
8,HYPERGLYCEMIA_EVENT,2532,0.262819182063525,1776,0.26361882143387266,6737,True,True
8,HYPOGLYCEMIA_EVENT,289,0.029997924019099023,200,0.029686804215526198,6737,True,True
8,INFECTION_EVENT,53,0.005501349387585635,44,0.006531096927415764,6737,False,True
8,KIDNEY_COMPLICATION_EVENT,1042,0.10815860494083454,738,0.10954430755529167,6737,True,True
8,SEVERE_HYPERGLYCEMIA_EVENT,2287,0.23738841602657257,1604,0.2380881698085201,6737,True,True
8,SEVERE_HYPOGLYCEMIA_EVENT,206,0.021382603280049824,142,0.0210776309930236,6737,True,True
8,HYPEROSMOLALITY_EVENT,26,0.0026987751712684244,19,0.002820246400474989,6737,False,False
8,KETOACIDOSIS_EVENT,29,0.003010172306414781,18,0.0026718123793973577,6737,False,False
9,CARDIO-VASCULAR_DISORDER_EVENT,93,0.013272441843870416,66,0.013314504740770627,4957,True,True
9,DEATH_EVENT,856,0.12216355073497931,627,0.12648779503732097,4957,True,True
9,HYPERGLYCEMIA_EVENT,1704,0.2431853860425289,1222,0.24652007262457132,4957,True,True
9,HYPOGLYCEMIA_EVENT,189,0.026973026973026972,129,0.026023804720597135,4957,True,True
9,INFECTION_EVENT,33,0.004709576138147566,26,0.005245107928182368,4957,False,True
9,KIDNEY_COMPLICATION_EVENT,734,0.10475239046667618,515,0.10389348396207383,4957,True,True
9,SEVERE_HYPERGLYCEMIA_EVENT,1556,0.2220636506350792,1095,0.22089973774460359,4957,True,True
9,SEVERE_HYPOGLYCEMIA_EVENT,133,0.01898101898101898,89,0.017954407908008875,4957,True,True
9,HYPEROSMOLALITY_EVENT,14,0.001998001998001998,11,0.0022190841234617713,4957,False,False
9,KETOACIDOSIS_EVENT,23,0.0032824318538604252,15,0.003026023804720597,4957,False,False
10,CARDIO-VASCULAR_DISORDER_EVENT,60,0.012084592145015106,40,0.011412268188302425,3505,True,True
10,DEATH_EVENT,644,0.1297079556898288,459,0.13095577746077033,3505,True,True
10,HYPERGLYCEMIA_EVENT,1070,0.21550855991943604,757,0.21597717546362338,3505,True,True
10,HYPOGLYCEMIA_EVENT,116,0.02336354481369587,80,0.02282453637660485,3505,True,True
10,INFECTION_EVENT,16,0.0032225579053373615,13,0.003708987161198288,3505,False,True
10,KIDNEY_COMPLICATION_EVENT,505,0.10171198388721048,361,0.10299572039942939,3505,True,True
10,SEVERE_HYPERGLYCEMIA_EVENT,982,0.19778449144008056,682,0.19457917261055635,3505,True,True
10,SEVERE_HYPOGLYCEMIA_EVENT,82,0.01651560926485398,55,0.015691868758915834,3505,True,True
10,HYPEROSMOLALITY_EVENT,10,0.002014098690835851,9,0.0025677603423680455,3505,False,False
10,KETOACIDOSIS_EVENT,18,0.0036253776435045317,10,0.0028530670470756064,3505,False,False
11,CARDIO-VASCULAR_DISORDER_EVENT,35,0.010213014298220018,24,0.00992966487381051,2417,False,True
11,DEATH_EVENT,465,0.13568718996206594,336,0.13901530823334712,2417,True,True
11,HYPERGLYCEMIA_EVENT,596,0.17391304347826086,427,0.1766652875465453,2417,True,True
11,HYPOGLYCEMIA_EVENT,60,0.017508024511234316,37,0.015308233347124535,2417,True,True
11,INFECTION_EVENT,7,0.0020426028596440037,6,0.0024824162184526274,2417,False,True
11,KIDNEY_COMPLICATION_EVENT,309,0.09016632623285672,217,0.08978071990070335,2417,True,True
11,SEVERE_HYPERGLYCEMIA_EVENT,534,0.1558214181499854,369,0.15266859743483657,2417,True,True
11,SEVERE_HYPOGLYCEMIA_EVENT,43,0.012547417566384594,26,0.01075713694662805,2417,True,True
11,HYPEROSMOLALITY_EVENT,7,0.0020426028596440037,6,0.0024824162184526274,2417,False,False
11,KETOACIDOSIS_EVENT,12,0.0035016049022468633,7,0.0028961522548613984,2417,False,False
12,CARDIO-VASCULAR_DISORDER_EVENT,18,0.008600095556617296,12,0.008146639511201629,1473,False,True
12,DEATH_EVENT,299,0.14285714285714285,214,0.1452817379497624,1473,True,True
12,HYPERGLYCEMIA_EVENT,252,0.12040133779264214,190,0.12898845892735913,1473,True,True
12,HYPOGLYCEMIA_EVENT,30,0.01433349259436216,18,0.012219959266802444,1473,True,True
12,INFECTION_EVENT,3,0.001433349259436216,3,0.002036659877800407,1473,False,True
12,KIDNEY_COMPLICATION_EVENT,144,0.06880076445293837,103,0.06992532247114731,1473,True,True
12,SEVERE_HYPERGLYCEMIA_EVENT,227,0.10845676063067368,162,0.109979633401222,1473,True,True
12,SEVERE_HYPOGLYCEMIA_EVENT,21,0.010033444816053512,13,0.008825526137135099,1473,False,True
12,HYPEROSMOLALITY_EVENT,3,0.001433349259436216,3,0.002036659877800407,1473,False,False
12,KETOACIDOSIS_EVENT,2,0.0009555661729574773,1,0.0006788866259334691,1473,False,False
13,CARDIO-VASCULAR_DISORDER_EVENT,9,0.00909090909090909,7,0.009831460674157303,712,False,True
13,DEATH_EVENT,134,0.13535353535353536,103,0.1446629213483146,712,True,True
13,HYPERGLYCEMIA_EVENT,49,0.049494949494949494,41,0.05758426966292135,712,True,True
13,HYPOGLYCEMIA_EVENT,4,0.00404040404040404,1,0.0014044943820224719,712,False,True
13,INFECTION_EVENT,2,0.00202020202020202,2,0.0028089887640449437,712,False,True
13,KIDNEY_COMPLICATION_EVENT,56,0.05656565656565657,38,0.05337078651685393,712,True,True
13,SEVERE_HYPERGLYCEMIA_EVENT,46,0.046464646464646465,35,0.04915730337078652,712,True,True
13,SEVERE_HYPOGLYCEMIA_EVENT,3,0.0030303030303030303,1,0.0014044943820224719,712,False,True
13,HYPEROSMOLALITY_EVENT,2,0.00202020202020202,2,0.0028089887640449437,712,False,False
13,KETOACIDOSIS_EVENT,0,0.0,0,0.0,712,False,False
